NOTEBOOK HP RYZEN 3 ,1.800,São Gonçalo -  RJ,https://rj.olx.com.br/rio-de-janeiro-e-regiao/computadores-e-acessorios/notebook-hp-ryzen-3-870258286
NOTEBOOK ACER RYZEN 3 ,1.850,Anápolis -  GO,https://go.olx.com.br/grande-goiania-e-anapolis/computadores-e-acessorios/notebook-acer-ryzen-3-869553385
VENDO NOTEBOOK RYZEN 3 3200U,3.000,Volta Redonda -  RJ,https://rj.olx.com.br/serra-angra-dos-reis-e-regiao/computadores-e-acessorios/vendo-notebook-ryzen-3-3200u-869213058
NOTEBOOK ACER RYZEN 3- 8GB 1TB,2.600,Duque de Caxias -  RJ,https://rj.olx.com.br/rio-de-janeiro-e-regiao/computadores-e-acessorios/notebook-acer-ryzen-3-8gb-1tb-869227520
NOTEBOOK ACER RYZEN 3 (COM SSD DE 225 GIGAS) ,2.500,Natal -  RN,https://rn.olx.com.br/rio-grande-do-norte/computadores-e-acessorios/notebook-acer-ryzen-3-com-ssd-de-225-gigas-868158262
"NOTEBOOK LENOVO ULTRAFINO - RYZEN 3 8GB RAM 256 SSD 15,6",3.000,Curitiba -  PR,https://pr.olx.com.br/regiao-de-curitiba-e-paranagua/computadores-e-acessorios/notebook-lenovo-ultrafino-ryzen-3-8gb-ram-256-ssd-15-6-870233910
NOTEBOOK ACER ASPIRE 3 AMD RYZEN 3 VEGA GRAPHICS RADEON AMD,2.000,São João Batista -  SC,https://sc.olx.com.br/florianopolis-e-regiao/computadores-e-acessorios/notebook-acer-aspire-3-amd-ryzen-3-vega-graphics-radeon-amd-869493410
"NOTEBOOK GAMER 12GB RAM, VÍDEO DEDICADO, RYZEN 5",2.600,Curitiba -  PR,https://pr.olx.com.br/regiao-de-curitiba-e-paranagua/computadores-e-acessorios/notebook-gamer-12gb-ram-video-dedicado-ryzen-5-869889754
NOTEBOOK ACER ASPIRE 3 COM AMD RYZEN 3 E COM VEGA GRAPHICS RADEON AMD,2.000,São João Batista -  SC,https://sc.olx.com.br/florianopolis-e-regiao/computadores-e-acessorios/notebook-acer-aspire-3-com-amd-ryzen-3-e-com-vega-graphics-radeon-amd-869490355
NOTEBOOK ACER ASPIRE 3 RYZEN 3200U 8GB 1TB,3.000,Jaboatão dos Guararapes -  PE,https://pe.olx.com.br/grande-recife/computadores-e-acessorios/notebook-acer-aspire-3-ryzen-3200u-8gb-1tb-867846515
NOTEBOOK ACER ASPIRE 3/ RYZEN 3 8GB 1TB NOVO LACRADO NOTA FISCAL E GARANTIA DE FÁBRICA ,2.899,Salvador -  BA,https://ba.olx.com.br/grande-salvador/computadores-e-acessorios/notebook-acer-aspire-3-ryzen-3-8gb-1tb-novo-lacrado-nota-fiscal-e-garantia-de-fabrica-868292515
NOTEBOOK ACER ASPIRE 3 NOVO. RYZEN 5; 1TB HD; 8GB RAM; PLACA DE VÍDEO DEDICADA!,3.300,Campina Grande -  PB,https://pb.olx.com.br/paraiba/computadores-e-acessorios/notebook-acer-aspire-3-novo-ryzen-5-1tb-hd-8gb-ram-placa-de-video-dedicada-869593074
"NOTEBOOK ACER ASPIRE 3, 1 TB DE HD E 240 GB DE SSD, AMD RYZEN 5 2500U",1.900,Nova Iguaçu -  RJ,https://rj.olx.com.br/rio-de-janeiro-e-regiao/computadores-e-acessorios/notebook-acer-aspire-3-1-tb-de-hd-e-240-gb-de-ssd-amd-ryzen-5-2500u-868477637
NOTEBOOK ACER ASPIRE 3 A315-41-R790 RYZEN 3,2.000,São Paulo -  SP,https://sp.olx.com.br/sao-paulo-e-regiao/computadores-e-acessorios/notebook-acer-aspire-3-a315-41-r790-ryzen-3-867149464
NOTEBOOK ACER ASPIRE 3,3.000,Fortaleza -  CE,https://ce.olx.com.br/fortaleza-e-regiao/computadores-e-acessorios/notebook-acer-aspire-3-869093496
"NOTEBOOK ACER AMD RYZEN 7, 8GB RAM, 256GB SSD, PLAVA VIDEO 2GB,  NOVO! LACRADO!",3.390,Imbituba -  SC,https://sc.olx.com.br/florianopolis-e-regiao/computadores-e-acessorios/notebook-acer-amd-ryzen-7-8gb-ram-256gb-ssd-plava-video-2gb-novo-lacrado-868179001
NOTEBOOK ACER,2.500,Manaus -  AM,https://am.olx.com.br/regiao-de-manaus/computadores-e-acessorios/notebook-acer-869733693
NOTEBOOK ACER ASPIRE 3 (TOP),2.900,Novo Hamburgo -  RS,https://rs.olx.com.br/regioes-de-porto-alegre-torres-e-santa-cruz-do-sul/computadores-e-acessorios/notebook-acer-aspire-3-top-868267055
NOTEBOOK ACER ASPIRE 3 - SEMI-NOVO,2.600,Ananindeua -  PA,https://pa.olx.com.br/regiao-de-belem/computadores-e-acessorios/notebook-acer-aspire-3-semi-novo-869422517
NOTEBOOK ACER ,1.850,Campo Grande -  MS,https://ms.olx.com.br/mato-grosso-do-sul/computadores-e-acessorios/notebook-acer-869017109
NOTEBOOK ACER ASPIRE 3 A315-41-R790 - NOVO,3.000,Belo Horizonte -  MG,https://mg.olx.com.br/belo-horizonte-e-regiao/computadores-e-acessorios/notebook-acer-aspire-3-a315-41-r790-novo-848068077
NOTEBOOK ACER ASPIRE 3 RYZEN 3 3250U 8GB RAM DDR4 1 TERA DE HD  NOVO,2.750,Contagem -  MG,https://mg.olx.com.br/belo-horizonte-e-regiao/computadores-e-acessorios/notebook-acer-aspire-3-ryzen-3-3250u-8gb-ram-ddr4-1-tera-de-hd-novo-866993919
NOTEBOOK ACER ASPIRE 3,3.100,Uberlândia -  MG,https://mg.olx.com.br/regiao-de-uberlandia-e-uberaba/computadores-e-acessorios/notebook-acer-aspire-3-867357704
"CONSERTO CELULAR, SMARTPHONES, COMPUTADOR E NOTEBOOK",0.000,Nova Iguaçu -  RJ,https://rj.olx.com.br/rio-de-janeiro-e-regiao/celulares/conserto-celular-smartphones-computador-e-notebook-869268028
NOTEBOOK I3 SÉTIMA GERAÇÃO - 8GB RAM,1.900,Vila Velha -  ES,https://es.olx.com.br/norte-do-espirito-santo/computadores-e-acessorios/notebook-i3-setima-geracao-8gb-ram-870218894
NOTEBOOK ACER NOVO ,3.300,Gravataí -  RS,https://rs.olx.com.br/regioes-de-porto-alegre-torres-e-santa-cruz-do-sul/computadores-e-acessorios/notebook-acer-novo-867655864
NOTEBOOK 256GB,2.300,Trindade -  GO,https://go.olx.com.br/grande-goiania-e-anapolis/computadores-e-acessorios/notebook-256gb-867294020
NOTEBOOK ACER ASPIRE A315-42,2.700,Cariacica -  ES,https://es.olx.com.br/norte-do-espirito-santo/computadores-e-acessorios/notebook-acer-aspire-a315-42-867725561
NOTEBOOK ACER ASPIRE A315-42G + COOLER/SUPORTE,3.499,Salvador -  BA,https://ba.olx.com.br/grande-salvador/computadores-e-acessorios/notebook-acer-aspire-a315-42g-cooler-suporte-865801685
NOTEBOOK GAMER C/ VÍDEO DEDICADO,3.300,Brasília -  DF,https://df.olx.com.br/distrito-federal-e-regiao/computadores-e-acessorios/notebook-gamer-c-video-dedicado-867667666
NOTEBOOK LENOVO 256GB.,2.500,Brasília -  DF,https://df.olx.com.br/distrito-federal-e-regiao/computadores-e-acessorios/notebook-lenovo-256gb-867314614
NOTEBOOK ACER ASPIRE 5 CORE I5 8GB WINDOWS 10,3.000,Sarandi -  PR,https://pr.olx.com.br/regiao-de-maringa/computadores-e-acessorios/notebook-acer-aspire-5-core-i5-8gb-windows-10-863372305
NOTEBOOK IDEAPAD 145 (3 MESES DE USO COM NOTA FISCAL E GARANTIA DE FÁBRICA),3.200,São Paulo -  SP,https://sp.olx.com.br/sao-paulo-e-regiao/computadores-e-acessorios/notebook-ideapad-145-3-meses-de-uso-com-nota-fiscal-e-garantia-de-fabrica-867393851
CONSERTO DE PLACA MÃE PLACA DE VÍDEO NOTEBOOK VIDEOGAME E MONITORES ATUALIZAÇÃO E BIOS,0.000,Rio de Janeiro -  RJ,https://rj.olx.com.br/rio-de-janeiro-e-regiao/servicos/conserto-de-placa-mae-placa-de-video-notebook-videogame-e-monitores-atualizacao-e-bios-868090457
"NOTEBOOK ACER  A315-42-R5W8 16GB RAM, 250GB SSD + 1TB HD INTERNO",3.400,Brasília -  DF,https://df.olx.com.br/distrito-federal-e-regiao/computadores-e-acessorios/notebook-acer-a315-42-r5w8-16gb-ram-250gb-ssd-1tb-hd-interno-869492286
"NOTEBOOK LENOVO ULTRAFINO IDEAPAD S145 AMD R3 8GB 256GB SSD W10 15.6"" PRATA",2.782,Guaratinguetá -  SP,https://sp.olx.com.br/vale-do-paraiba-e-litoral-norte/computadores-e-acessorios/notebook-lenovo-ultrafino-ideapad-s145-amd-r3-8gb-256gb-ssd-w10-15-6-prata-869130546
NOTEBOOK ACER ,1.300,Macaé -  RJ,https://rj.olx.com.br/norte-do-estado-do-rio/computadores-e-acessorios/notebook-acer-866578355
NOTEBOOK ACER I5 COM SSD (12X SEM JUROS),2.797,Paulínia -  SP,https://sp.olx.com.br/grande-campinas/computadores-e-acessorios/notebook-acer-i5-com-ssd-12x-sem-juros-866412041
NOTEBOOK LENOVO S145 AMD RYZEN 3 81V7000CBR NOVO NA CAIXA.,3.000,Sabará -  MG,https://mg.olx.com.br/belo-horizonte-e-regiao/computadores-e-acessorios/notebook-lenovo-s145-amd-ryzen-3-81v7000cbr-novo-na-caixa-865083212
NOTEBOOK INTEL CORE I3 + 8GB RAM + SSD 120GB - EXCELENTE CUSTO-BENEFÍCIO!!!,1.490,Campinas -  SP,https://sp.olx.com.br/grande-campinas/computadores-e-acessorios/notebook-intel-core-i3-8gb-ram-ssd-120gb-excelente-custo-beneficio-866287420
NOTEBOOK SAMSUNG INTEL CORE I7 2670QM + GEFORCE + 8GB RAM + SSD 240GB - TOP DE LINHA!!,2.590,Campinas -  SP,https://sp.olx.com.br/grande-campinas/computadores-e-acessorios/notebook-samsung-intel-core-i7-2670qm-geforce-8gb-ram-ssd-240gb-top-de-linha-866288028
NOTEBOOK GAMER A351-42G-RL8U( VALOR NEGOCIÁVEL E ACEITO TROCA EM PC GAMER),3.200,Crato -  CE,https://ce.olx.com.br/regiao-de-juazeiro-do-norte-e-sobral/computadores-e-acessorios/notebook-gamer-a351-42g-rl8u-valor-negociavel-e-aceito-troca-em-pc-gamer-865604902
NOTEBOOK ACER ASPIRE 3,3.100,Gravatá -  PE,https://pe.olx.com.br/grande-recife/computadores-e-acessorios/notebook-acer-aspire-3-864398214
NOTEBOOK ACER ASPIRE 3 RYZEN 5 12RAM,3.300,Ananindeua -  PA,https://pa.olx.com.br/regiao-de-belem/computadores-e-acessorios/notebook-acer-aspire-3-ryzen-5-12ram-860187542
NOTEBOOK ACER SEMI NOVO ,2.500,Itajaí -  SC,https://sc.olx.com.br/norte-de-santa-catarina/computadores-e-acessorios/notebook-acer-semi-novo-864018131
"NOTEBOOK ACER ASPIRE 3 COM 1 TB DE HD, 240 GB DE SSD",2.000,Nova Iguaçu -  RJ,https://rj.olx.com.br/rio-de-janeiro-e-regiao/computadores-e-acessorios/notebook-acer-aspire-3-com-1-tb-de-hd-240-gb-de-ssd-863870902
NOTEBOOK ACER ASPIRE 3,2.000,São João Batista -  SC,https://sc.olx.com.br/florianopolis-e-regiao/computadores-e-acessorios/notebook-acer-aspire-3-862170830
NOTEBOOK ACER ASPIRE 3,2.000,São João Batista -  SC,https://sc.olx.com.br/florianopolis-e-regiao/computadores-e-acessorios/notebook-acer-aspire-3-862170830
NOTEBOOK ACER ASPIRE 3 A315-42-R1B0 AMD RYZEN 5 12GB 1TB HDD,3.300,Rio de Janeiro -  RJ,https://rj.olx.com.br/rio-de-janeiro-e-regiao/computadores-e-acessorios/notebook-acer-aspire-3-a315-42-r1b0-amd-ryzen-5-12gb-1tb-hdd-860224381
 NOTEBOOK ACER ASPIRE 3 RYZEN 7 12GB,3.100,Rio de Janeiro -  RJ,https://rj.olx.com.br/rio-de-janeiro-e-regiao/computadores-e-acessorios/notebook-acer-aspire-3-ryzen-7-12gb-855373456
TROCO COMPUTADOR POR NOTEBOOK,0.000,Paulínia -  SP,https://sp.olx.com.br/grande-campinas/computadores-e-acessorios/troco-computador-por-notebook-861654885
NOTEBOOK ACER,3.400,Palhoça -  SC,https://sc.olx.com.br/florianopolis-e-regiao/computadores-e-acessorios/notebook-acer-860907665
"NOTEBOOK ACER ASPIRE 3 *NA CAIXA* RYZEN 3 8GB 1TB WIN10 15,6""",2.899,Blumenau -  SC,https://sc.olx.com.br/norte-de-santa-catarina/computadores-e-acessorios/notebook-acer-aspire-3-na-caixa-ryzen-3-8gb-1tb-win10-15-6-856437292
NOTEBOOK RYZEN 3 2200U,2.500,Recife -  PE,https://pe.olx.com.br/grande-recife/computadores-e-acessorios/notebook-ryzen-3-2200u-847359459
VENDO ÓTIMO NOTEBOOK,2.800,Brasília -  DF,https://df.olx.com.br/distrito-federal-e-regiao/computadores-e-acessorios/vendo-otimo-notebook-859623709
NOTEBOOK ACER ASPIRE AMD RYZEN 5,3.419,Adolfo -  SP,https://sp.olx.com.br/regiao-de-sao-jose-do-rio-preto/computadores-e-acessorios/notebook-acer-aspire-amd-ryzen-5-851816469
NOTEBOOK ASPIRE 3 ,1.500,Rio de Janeiro -  RJ,https://rj.olx.com.br/rio-de-janeiro-e-regiao/computadores-e-acessorios/notebook-aspire-3-841936151
NOTEBOOK RYZEN 5 ,2.999,Montes Claros -  MG,https://mg.olx.com.br/regiao-de-montes-claros-e-diamantina/computadores-e-acessorios/notebook-ryzen-5-846831463
NOTEBOOK LENOVO IDEAPAD S145,3.200,Americana -  SP,https://sp.olx.com.br/grande-campinas/computadores-e-acessorios/notebook-lenovo-ideapad-s145-859582970
NOTEBOOK GAMER LENOVO IDEAPAD 330S RYZEN 5+VEGA 8+SSD240GB-ENTREGAMOS,3.499,Campinas -  SP,https://sp.olx.com.br/grande-campinas/computadores-e-acessorios/notebook-gamer-lenovo-ideapad-330s-ryzen-5-vega-8-ssd240gb-entregamos-850114557
NOTEBOOK ACER ASPIRE 3,3.420,Poá -  SP,https://sp.olx.com.br/sao-paulo-e-regiao/computadores-e-acessorios/notebook-acer-aspire-3-852870149
NOTEBOOK ACER ASPIRE A315-23G-R2SE,3.200,Brasília -  DF,https://df.olx.com.br/distrito-federal-e-regiao/computadores-e-acessorios/notebook-acer-aspire-a315-23g-r2se-857260347
NOTEBOOK LENOVO IDEAPAD S145 NOVO,3.499,Duque de Caxias -  RJ,https://rj.olx.com.br/rio-de-janeiro-e-regiao/computadores-e-acessorios/notebook-lenovo-ideapad-s145-novo-853511138
NOTEBOOK ACER ASPIRE 3 SEIS MESES DE USO.,2.500,Guarapari -  ES,https://es.olx.com.br/norte-do-espirito-santo/computadores-e-acessorios/notebook-acer-aspire-3-seis-meses-de-uso-849603178
"NOTEBOOK ACER ASPIRE 3 A315 - 12GB 1TB 15,6? WINDOWS 10",3.419,Vitória -  ES,https://es.olx.com.br/norte-do-espirito-santo/computadores-e-acessorios/notebook-acer-aspire-3-a315-12gb-1tb-15-6-windows-10-852504734
NOTEBOOK ACER,2.900,Petrolina -  PE,https://pe.olx.com.br/regiao-de-petrolina-e-garanhuns/computadores-e-acessorios/notebook-acer-846326188
"NOTEBOOK ACER ASPIRE 3 A315-23G-N 5 - 8GB 15,6? PLACA VÍDEO 2GB WINDOWS 10",3.200,Rio de Janeiro -  RJ,https://rj.olx.com.br/rio-de-janeiro-e-regiao/computadores-e-acessorios/notebook-acer-aspire-3-a315-23g-n-5-8gb-15-6-placa-video-2gb-windows-10-853825599
VENDO NOTEBOOK GAMER. ACER,3.400,Pacatuba -  CE,https://ce.olx.com.br/fortaleza-e-regiao/computadores-e-acessorios/vendo-notebook-gamer-acer-847460728
